Обои флизелиновые Эвелин светло-серые;Акрилат-винилацетатная дисперсия для производства бумаги;1,95
Стеклообои Средняя елка белые;Акрилат-винилацетатная дисперсия для производства бумаги;0,21
Фотообои Тропики 290x260 см;Акриловая дисперсия;1,50
Фотообои флизелиновые 3D Пейзаж 300x280 см;Акриловая дисперсия;1,00
Фотообои флизелиновые Узор 300x270 см;Акриловая дисперсия;1,00
Обои из природного материала Традиционный принт светло-коричневые;Ассоциативный акриловый загуститель;0,50
Стеклообои Геометрические фигуры белые ;Ассоциативный акриловый загуститель;0,50
Обои под покраску флизелиновые Кирпичная стена;Бумага обойная для вспененных виниловых обоев;2,55
Стеклообои Геометрические фигуры белые ;Бумага обойная для вспененных виниловых обоев;3,60
Стеклообои Средняя елка белые;Бумага обойная для вспененных виниловых обоев;2,50
Обои из природного материала Традиционный принт светло-коричневые;Бумага с подложкой устойчивая к атмосферным воздействиям;2,90
Обои под покраску флизелиновые Кирпичная стена;Бумага с подложкой устойчивая к атмосферным воздействиям;2,55
Фотообои флизелиновые 3D Лес и горы 300x280 см;Бумага с подложкой устойчивая к атмосферным воздействиям;1,80
Фотообои флизелиновые 3D Пейзаж 300x280 см;Бумага с подложкой устойчивая к атмосферным воздействиям;2,20
Фотообои флизелиновые Горы 500x270 см;Бумага с подложкой устойчивая к атмосферным воздействиям;3,40
Обои бумажные Полосы цвет бежевый;Бумага-основа для обоев марки АФ;3,60
Обои под покраску Рисунок Штукатурка белые;Бумага-основа для обоев марки АФ;3,70
Фотообои Тропики 290x260 см;Бумага-основа для обоев марки АФ;1,60
Фотообои флизелиновые Узор 300x270 см;Бумага-основа для обоев марки АФ;3,56
Обои флизелиновые Эвелин светло-серые;Бумага-основа для флизелиновых обоев;4,60
Обои под покраску флизелиновые Рельеф;Бумага-основа с покрытием для флизелиновых обоев;2,50
Флизелиновые обои Принт Вензель серые;Бумага-основа с покрытием для флизелиновых обоев;3,50
Обои флизелиновые Эвелин светло-серые;Водорастворимая краска спецводная ;3,50
Флизелиновые обои Принт Вензель серые;Водорастворимая краска спецводная ;5,25
Фотообои флизелиновые 3D Пейзаж 300x280 см;Водорастворимая краска спецводная ;5,00
Фотообои флизелиновые Узор 300x270 см;Водорастворимая краска спецводная ;3,50
Обои бумажные Полосы цвет бежевый;Водорастворимая краска водная;4,75
Обои из природного материала Традиционный принт светло-коричневые;Водорастворимая краска водная;3,00
Обои под покраску Рисунок Штукатурка белые;Диспергатор минеральных пигментов и наполнителей;1,30
Обои под покраску флизелиновые однотонные цвет белый ;Диспергатор минеральных пигментов и наполнителей;1,30
Обои под покраску флизелиновые цвет белый;Диспергатор минеральных пигментов и наполнителей;1,80
Стеклообои Рогожка белые;Диспергатор минеральных пигментов и наполнителей;0,20
Стеклохолст;Диспергатор минеральных пигментов и наполнителей;0,20
Флизелиновые обои Принт Вензель серые;Диспергатор минеральных пигментов и наполнителей;0,25
Обои из природного материала Традиционный принт светло-коричневые;Дисперсия анионно-стабилизированного стирол-акрилового сополимера;0,20
Обои под покраску флизелиновые однотонные цвет белый ;Дисперсия анионно-стабилизированного стирол-акрилового сополимера;0,20
Обои флизелиновые Эвелин светло-серые;Дисперсия анионно-стабилизированного стирол-акрилового сополимера;0,50
Стеклообои Геометрические фигуры белые ;Дисперсия анионно-стабилизированного стирол-акрилового сополимера;0,20
Стеклохолст малярный Паутинка;Дисперсия анионно-стабилизированного стирол-акрилового сополимера;0,25
Фотообои Тропики 290x260 см;Дисперсия анионно-стабилизированного стирол-акрилового сополимера;0,50
Фотообои флизелиновые 3D Лес и горы 300x280 см;Дисперсия анионно-стабилизированного стирол-акрилового сополимера;0,50
Фотообои флизелиновые 3D Пейзаж 300x280 см;Дисперсия анионно-стабилизированного стирол-акрилового сополимера;0,70
Фотообои флизелиновые Горы 500x270 см;Дисперсия анионно-стабилизированного стирол-акрилового сополимера;1,00
Фотообои флизелиновые Узор 300x270 см;Дисперсия анионно-стабилизированного стирол-акрилового сополимера;0,50
Обои флизелиновые Лилия бежевые;Концентрат водоразбавляемой печатной краски;2,55
Фотообои Тропики 290x260 см;Концентрат водоразбавляемой печатной краски;2,00
Фотообои флизелиновые 3D Лес и горы 300x280 см;Концентрат водоразбавляемой печатной краски;2,00
Фотообои флизелиновые Горы 500x270 см;Концентрат водоразбавляемой печатной краски;1,00
Обои флизелиновые Эвелин светло-серые;Металлический пигмент;0,45
Стеклообои Рогожка белые;Металлический пигмент;0,30
Флизелиновые обои Принт Вензель серые;Металлический пигмент;1,00
Обои бумажные Полосы цвет бежевый;Перламутровый пигмент;1,00
Обои из природного материала Традиционный принт светло-коричневые;Перламутровый пигмент;0,50
Стеклообои Средняя елка белые;Перламутровый пигмент;0,35
Фотообои флизелиновые 3D Пейзаж 300x280 см;Перламутровый пигмент;1,25
Обои под покраску Рисунок Штукатурка белые;Стирол-акриловая дисперсия для гидрофобных покрытий;1,00
Обои под покраску флизелиновые Кирпичная стена;Стирол-акриловая дисперсия для гидрофобных покрытий;1,00
Обои бумажные Полосы цвет бежевый;Стирол-акриловая дисперсия для производства обоев;0,15
Обои под покраску флизелиновые однотонные цвет белый ;Стирол-акриловая дисперсия для производства обоев;1,00
Обои под покраску флизелиновые Рельеф;Стирол-акриловая дисперсия для производства обоев;1,20
Обои под покраску флизелиновые цвет белый;Стирол-акриловая дисперсия для производства обоев;1,20
Обои флизелиновые Лилия бежевые;Стирол-акриловая дисперсия для производства обоев;1,00
Фотообои флизелиновые 3D Лес и горы 300x280 см;Стирол-акриловая дисперсия для производства обоев;1,20
Фотообои флизелиновые Горы 500x270 см;Стирол-акриловая дисперсия для производства обоев;0,33
Обои бумажные Полосы цвет бежевый;Сухой клей на основе ПВС;0,50
Обои под покраску флизелиновые Кирпичная стена;Сухой клей на основе ПВС;2,90
Обои под покраску флизелиновые цвет белый;Сухой клей на основе ПВС;1,40
Обои флизелиновые Лилия бежевые;Сухой клей на основе ПВС;1,70
Стеклохолст;Сухой клей на основе ПВС;0,30
Флизелиновые обои Принт Вензель серые;Сухой клей на основе ПВС;1,00
Обои под покраску флизелиновые однотонные цвет белый ;Флизелин;1,50
Обои под покраску флизелиновые Рельеф;Флизелин;2,50
Обои под покраску флизелиновые цвет белый;Флизелин;1,75
Обои флизелиновые Лилия бежевые;Флизелин;1,85
Стеклообои Рогожка белые;Флизелин;2,20
Стеклохолст;Флизелин;1,30
Стеклохолст малярный Паутинка;Флизелин;0,80
Обои под покраску флизелиновые Рельеф;Цветная пластизоль;1,65
Фотообои Тропики 290x260 см;Цветная пластизоль;1,25
Фотообои флизелиновые 3D Лес и горы 300x280 см;Цветная пластизоль;1,00
